{
  "n_trials": 1,
  "n_periods": 500,
  "oracle_auc_mean": 0.9511056353955516,
  "oracle_auc_std": 0.0,
  "oracle_abr_mean": 0.18480597164916557,
  "oracle_abr_std": 0.0,
  "xgb_accepts_auc_mean": 0.8012382186392276,
  "xgb_accepts_auc_std": 0.0,
  "xgb_accepts_abr_mean": 0.3373886102490786,
  "xgb_accepts_abr_std": 0.0,
  "basl_auc_mean": 0.9225249366411683,
  "basl_auc_std": 0.0,
  "basl_abr_mean": 0.21441865189609072,
  "basl_abr_std": 0.0
}