{
  "n_trials": 1,
  "n_periods": 500,
  "oracle_abr_mean": 0.1847373165091919,
  "oracle_abr_std": 0.0,
  "model_holdout_abr_mean": 0.19902493385704975,
  "model_holdout_abr_std": 0.0,
  "accepts_abr_mean": 0.19902493385704975,
  "accepts_abr_std": 0.0,
  "accepts_abr_bias_mean": 0.014287617347857856,
  "accepts_abr_bias_std": 0.0,
  "bayesian_abr_mean": 0.21784072930139328,
  "bayesian_abr_std": 0.0,
  "bayesian_abr_bias_mean": 0.03310341279220139,
  "bayesian_abr_bias_std": 0.0
}