{
  "n_trials": 1,
  "n_periods": 500,
  "oracle_auc_mean": 0.8567898242017415,
  "oracle_auc_std": 0.0,
  "oracle_abr_mean": 0.3345198739483839,
  "oracle_abr_std": 0.0,
  "xgb_accepts_auc_mean": 0.5396550786310244,
  "xgb_accepts_auc_std": 0.0,
  "xgb_accepts_abr_mean": 0.6614121357524002,
  "xgb_accepts_abr_std": 0.0,
  "basl_auc_mean": 0.7550883480117935,
  "basl_auc_std": 0.0,
  "basl_abr_mean": 0.3953108452229695,
  "basl_abr_std": 0.0
}